{
  "reference_image": "frame_0001.jpg",
  "image_width": 1920,
  "image_height": 1080,
  "num_rois": 34,
  "rois": [
    [
      [
        0.728125,
        0.8435185185185186
      ],
      [
        0.7401041666666667,
        0.7379629629629629
      ],
      [
        0.79375,
        0.7981481481481482
      ],
      [
        0.7953125,
        0.937962962962963
      ]
    ],
    [
      [
        0.6880208333333333,
        0.6851851851851852
      ],
      [
        0.7354166666666667,
        0.7314814814814815
      ],
      [
        0.71875,
        0.8398148148148148
      ],
      [
        0.66875,
        0.7731481481481481
      ]
    ],
    [
      [
        0.6447916666666667,
        0.6314814814814815
      ],
      [
        0.684375,
        0.6796296296296296
      ],
      [
        0.6635416666666667,
        0.7611111111111111
      ],
      [
        0.6213541666666667,
        0.7064814814814815
      ]
    ],
    [
      [
        0.5796875,
        0.6546296296296297
      ],
      [
        0.6088541666666667,
        0.5925925925925926
      ],
      [
        0.6395833333333333,
        0.6287037037037037
      ],
      [
        0.615625,
        0.6981481481481482
      ]
    ],
    [
      [
        0.5489583333333333,
        0.6064814814814815
      ],
      [
        0.5765625,
        0.5564814814814815
      ],
      [
        0.6036458333333333,
        0.5916666666666667
      ],
      [
        0.575,
        0.6462962962962963
      ]
    ],
    [
      [
        0.5494791666666666,
        0.5231481481481481
      ],
      [
        0.5744791666666667,
        0.55
      ],
      [
        0.5432291666666667,
        0.5972222222222222
      ],
      [
        0.5208333333333334,
        0.5703703703703704
      ]
    ],
    [
      [
        0.5239583333333333,
        0.5009259259259259
      ],
      [
        0.5447916666666667,
        0.5212962962962963
      ],
      [
        0.515625,
        0.562037037037037
      ],
      [
        0.49375,
        0.5370370370370371
      ]
    ],
    [
      [
        0.4895833333333333,
        0.5305555555555556
      ],
      [
        0.5192708333333333,
        0.49722222222222223
      ],
      [
        0.503125,
        0.4740740740740741
      ],
      [
        0.47239583333333335,
        0.5074074074074074
      ]
    ],
    [
      [
        0.465625,
        0.5037037037037037
      ],
      [
        0.4552083333333333,
        0.48518518518518516
      ],
      [
        0.48125,
        0.4564814814814815
      ],
      [
        0.496875,
        0.4703703703703704
      ]
    ],
    [
      [
        0.4661458333333333,
        0.43703703703703706
      ],
      [
        0.4791666666666667,
        0.45092592592592595
      ],
      [
        0.4484375,
        0.4777777777777778
      ],
      [
        0.43802083333333336,
        0.462037037037037
      ]
    ],
    [
      [
        0.4505208333333333,
        0.41944444444444445
      ],
      [
        0.4630208333333333,
        0.43333333333333335
      ],
      [
        0.434375,
        0.45555555555555555
      ],
      [
        0.425,
        0.4388888888888889
      ]
    ],
    [
      [
        0.43854166666666666,
        0.4027777777777778
      ],
      [
        0.4453125,
        0.4148148148148148
      ],
      [
        0.4203125,
        0.43425925925925923
      ],
      [
        0.409375,
        0.42314814814814816
      ]
    ],
    [
      [
        0.425,
        0.38981481481481484
      ],
      [
        0.43333333333333335,
        0.4
      ],
      [
        0.4078125,
        0.4166666666666667
      ],
      [
        0.3984375,
        0.4083333333333333
      ]
    ],
    [
      [
        0.3875,
        0.39166666666666666
      ],
      [
        0.3953125,
        0.4027777777777778
      ],
      [
        0.42291666666666666,
        0.3861111111111111
      ],
      [
        0.4140625,
        0.37777777777777777
      ]
    ],
    [
      [
        0.37916666666666665,
        0.37962962962962965
      ],
      [
        0.3848958333333333,
        0.3861111111111111
      ],
      [
        0.4078125,
        0.37222222222222223
      ],
      [
        0.4041666666666667,
        0.3648148148148148
      ]
    ],
    [
      [
        0.39166666666666666,
        0.3527777777777778
      ],
      [
        0.396875,
        0.36203703703703705
      ],
      [
        0.37552083333333336,
        0.375
      ],
      [
        0.3703125,
        0.3675925925925926
      ]
    ],
    [
      [
        0.38229166666666664,
        0.34444444444444444
      ],
      [
        0.384375,
        0.3509259259259259
      ],
      [
        0.3640625,
        0.3648148148148148
      ],
      [
        0.35885416666666664,
        0.35833333333333334
      ]
    ],
    [
      [
        0.35052083333333334,
        0.3453703703703704
      ],
      [
        0.37604166666666666,
        0.3333333333333333
      ],
      [
        0.37916666666666665,
        0.34074074074074073
      ],
      [
        0.35572916666666665,
        0.3509259259259259
      ]
    ],
    [
      [
        0.27760416666666665,
        0.3675925925925926
      ],
      [
        0.2791666666666667,
        0.3787037037037037
      ],
      [
        0.2609375,
        0.39166666666666666
      ],
      [
        0.2578125,
        0.3814814814814815
      ]
    ],
    [
      [
        0.2828125,
        0.3851851851851852
      ],
      [
        0.2869791666666667,
        0.3962962962962963
      ],
      [
        0.26510416666666664,
        0.4064814814814815
      ],
      [
        0.259375,
        0.3972222222222222
      ]
    ],
    [
      [
        0.296875,
        0.4111111111111111
      ],
      [
        0.2994791666666667,
        0.4203703703703704
      ],
      [
        0.26927083333333335,
        0.4462962962962963
      ],
      [
        0.2671875,
        0.43148148148148147
      ]
    ],
    [
      [
        0.2911458333333333,
        0.40185185185185185
      ],
      [
        0.2682291666666667,
        0.4148148148148148
      ],
      [
        0.2703125,
        0.4203703703703704
      ],
      [
        0.28802083333333334,
        0.4111111111111111
      ]
    ],
    [
      [
        0.3015625,
        0.43148148148148147
      ],
      [
        0.3067708333333333,
        0.43796296296296294
      ],
      [
        0.2796875,
        0.45925925925925926
      ],
      [
        0.2755208333333333,
        0.44814814814814813
      ]
    ],
    [
      [
        0.30885416666666665,
        0.44537037037037036
      ],
      [
        0.3182291666666667,
        0.462037037037037
      ],
      [
        0.2916666666666667,
        0.47685185185185186
      ],
      [
        0.2859375,
        0.4666666666666667
      ]
    ],
    [
      [
        0.3182291666666667,
        0.4703703703703704
      ],
      [
        0.32395833333333335,
        0.4842592592592593
      ],
      [
        0.29635416666666664,
        0.5027777777777778
      ],
      [
        0.29375,
        0.4888888888888889
      ]
    ],
    [
      [
        0.3296875,
        0.4888888888888889
      ],
      [
        0.3385416666666667,
        0.5064814814814815
      ],
      [
        0.303125,
        0.5305555555555556
      ],
      [
        0.29583333333333334,
        0.5166666666666667
      ]
    ],
    [
      [
        0.3411458333333333,
        0.5138888888888888
      ],
      [
        0.34791666666666665,
        0.5333333333333333
      ],
      [
        0.30572916666666666,
        0.5768518518518518
      ],
      [
        0.30104166666666665,
        0.549074074074074
      ]
    ],
    [
      [
        0.35260416666666666,
        0.5444444444444444
      ],
      [
        0.3625,
        0.5685185185185185
      ],
      [
        0.31145833333333334,
        0.6240740740740741
      ],
      [
