{
  "reference_image": "frame_0042.jpg",
  "image_width": 1920,
  "image_height": 1080,
  "num_rois": 28,
  "rois": [
    [
      [
        0.8885416666666667,
        0.9962962962962963
      ],
      [
        0.878125,
        0.8916666666666667
      ],
      [
        0.7973958333333333,
        0.8009259259259259
      ],
      [
        0.7989583333333333,
        0.9407407407407408
      ]
    ],
    [
      [
        0.7223958333333333,
        0.8462962962962963
      ],
      [
        0.7380208333333333,
        0.7361111111111112
      ],
      [
        0.7973958333333333,
        0.8009259259259259
      ],
      [
        0.7989583333333333,
        0.9407407407407408
      ]
    ],
    [
      [
        0.665625,
        0.7675925925925926
      ],
      [
        0.6875,
        0.6777777777777778
      ],
      [
        0.7380208333333333,
        0.7361111111111112
      ],
      [
        0.7223958333333333,
        0.8462962962962963
      ]
    ],
    [
      [
        0.6182291666666667,
        0.7037037037037037
      ],
      [
        0.6432291666666666,
        0.6296296296296297
      ],
      [
        0.6875,
        0.6777777777777778
      ],
      [
        0.665625,
        0.7675925925925926
      ]
    ],
    [
      [
        0.5765625,
        0.6527777777777778
      ],
      [
        0.6072916666666667,
        0.5907407407407408
      ],
      [
        0.6432291666666666,
        0.6296296296296297
      ],
      [
        0.6182291666666667,
        0.7037037037037037
      ]
    ],
    [
      [
        0.5442708333333334,
        0.6064814814814815
      ],
      [
        0.575,
        0.5537037037037037
      ],
      [
        0.6072916666666667,
        0.5907407407407408
      ],
      [
        0.5765625,
        0.6527777777777778
      ]
    ],
    [
      [
        0.5161458333333333,
        0.5685185185185185
      ],
      [
        0.5479166666666667,
        0.5231481481481481
      ],
      [
        0.575,
        0.5537037037037037
      ],
      [
        0.5442708333333334,
        0.6064814814814815
      ]
    ],
    [
      [
        0.4895833333333333,
        0.5361111111111111
      ],
      [
        0.5239583333333333,
        0.4962962962962963
      ],
      [
        0.5479166666666667,
        0.5231481481481481
      ],
      [
        0.5161458333333333,
        0.5685185185185185
      ]
    ],
    [
      [
        0.4895833333333333,
        0.5361111111111111
      ],
      [
        0.4671875,
        0.5083333333333333
      ],
      [
        0.5,
        0.47314814814814815
      ],
      [
        0.5239583333333333,
        0.4962962962962963
      ]
    ],
    [
      [
        0.45,
        0.4824074074074074
      ],
      [
        0.4822916666666667,
        0.4527777777777778
      ],
      [
        0.5,
        0.47314814814814815
      ],
      [
        0.4671875,
        0.5083333333333333
      ]
    ],
    [
      [
        0.43385416666666665,
        0.4601851851851852
      ],
      [
        0.46510416666666665,
        0.43425925925925923
      ],
      [
        0.4822916666666667,
        0.4527777777777778
      ],
      [
        0.45,
        0.4824074074074074
      ]
    ],
    [
      [
        0.4192708333333333,
        0.44074074074074077
      ],
      [
        0.45,
        0.41759259259259257
      ],
      [
        0.46510416666666665,
        0.43425925925925923
      ],
      [
        0.43385416666666665,
        0.4601851851851852
      ]
    ],
    [
      [
        0.40572916666666664,
        0.42314814814814816
      ],
      [
        0.43697916666666664,
        0.40185185185185185
      ],
      [
        0.45,
        0.41759259259259257
      ],
      [
        0.4192708333333333,
        0.44074074074074077
      ]
    ],
    [
      [
        0.3932291666666667,
        0.4074074074074074
      ],
      [
        0.4239583333333333,
        0.387037037037037
      ],
      [
        0.43697916666666664,
        0.40185185185185185
      ],
      [
        0.40572916666666664,
        0.42314814814814816
      ]
    ],
    [
      [
        0.3828125,
        0.39351851851851855
      ],
      [
        0.41302083333333334,
        0.37407407407407406
      ],
      [
        0.4239583333333333,
        0.387037037037037
      ],
      [
        0.39375,
        0.4074074074074074
      ]
    ],
    [
      [
        0.371875,
        0.37962962962962965
      ],
      [
        0.4015625,
        0.362962962962963
      ],
      [
        0.41354166666666664,
        0.37407407407407406
      ],
      [
        0.38229166666666664,
        0.39351851851851855
      ]
    ],
    [
      [
        0.365625,
        0.36666666666666664
      ],
      [
        0.39166666666666666,
        0.35185185185185186
      ],
      [
        0.4015625,
        0.362962962962963
      ],
      [
        0.371875,
        0.37962962962962965
      ]
    ],
    [
      [
        0.3567708333333333,
        0.35555555555555557
      ],
      [
        0.38333333333333336,
        0.3425925925925926
      ],
      [
        0.39166666666666666,
        0.35185185185185186
      ],
      [
        0.365625,
        0.36666666666666664
      ]
    ],
    [
      [
        0.3494791666666667,
        0.3453703703703704
      ],
      [
        0.37447916666666664,
        0.33240740740740743
      ],
      [
        0.38333333333333336,
        0.3425925925925926
      ],
      [
        0.3567708333333333,
        0.35555555555555557
      ]
    ],
    [
      [
        0.34322916666666664,
        0.337037037037037
      ],
      [
        0.3692708333333333,
        0.32592592592592595
      ],
      [
        0.37447916666666664,
        0.33240740740740743
      ],
      [
        0.3494791666666667,
        0.3453703703703704
      ]
    ],
    [
      [
        0.3385416666666667,
        0.5101851851851852
      ],
      [
        0.28177083333333336,
        0.562037037037037
      ],
      [
        0.27291666666666664,
        0.5296296296296297
      ],
      [
        0.32760416666666664,
        0.48333333333333334
      ]
    ],
    [
      [
        0.290625,
        0.5962962962962963
      ],
      [
        0.35052083333333334,
        0.5388888888888889
      ],
      [
        0.3385416666666667,
        0.5101851851851852
      ],
      [
        0.28177083333333336,
        0.562037037037037
      ]
    ],
    [
      [
        0.3651041666666667,
        0.5703703703703704
      ],
      [
        0.3026041666666667,
        0.6361111111111111
      ],
      [
        0.290625,
        0.5962962962962963
      ],
      [
        0.35052083333333334,
        0.5388888888888889
      ]
    ],
    [
      [
        0.38125,
        0.6101851851851852
      ],
      [
        0.3171875,
        0.6833333333333333
      ],
      [
        0.3026041666666667,
        0.6361111111111111
      ],
      [
        0.3651041666666667,
        0.5703703703703704
      ]
    ],
    [
      [
        0.4,
        0.6555555555555556
      ],
      [
        0.33489583333333334,
        0.7435185185185185
      ],
      [
        0.3171875,
        0.6833333333333333
      ],
      [
        0.38125,
        0.6101851851851852
      ]
    ],
    [
      [
        0.4244791666666667,
        0.7083333333333334
      ],
      [
        0.3546875,
        0.8185185185185185
      ],
      [
        0.33489583333333334,
        0.7435185185185185
      ],
      [
        0.4,
        0.6555555555555556
      ]
    ],
    [
      [
        0.3828125,
        0.9037037037037037
      ],
      [
        0.453125,
        0.775
      ],
      [
        0.4244791666666667,
        0.7083333333333334
      ],
      [
        0.3546875,
        0.8185185185185185
      ]
    ],
    [
      [
        0.4739583333333333,
        0.8203703703703704
      ],
      [
        0.390625,
        0.9953703703703703
      ],
      [
